{
    "tf_component_number": 2,
    "tf_component_colors": {
        "value0": {
            "r": 0.20134279131889344,
            "g": 1.0,
            "b": 0.002685587853193283,
            "a": 1.0
        },
        "value1": {
            "r": 1.0,
            "g": 0.0,
            "b": 0.0,
            "a": 1.0
        },
        "value2": {
            "r": 0.9411764740943909,
            "g": 0.9411764740943909,
            "b": 0.9411764740943909,
            "a": 1.0
        },
        "value3": {
            "r": 0.9411764740943909,
            "g": 0.9411764740943909,
            "b": 0.9411764740943909,
            "a": 1.0
        },
        "value4": {
            "r": 0.9411764740943909,
            "g": 0.9411764740943909,
            "b": 0.9411764740943909,
            "a": 1.0
        }
    },
    "tf_component_weights": {
        "value0": 1.0,
        "value1": 1.0,
        "value2": 1.0,
        "value3": 1.0,
        "value4": 1.0
    },
    "tf_component_titles": {
        "value0": "Component 0",
        "value1": "Component 1",
        "value2": "Component 2",
        "value3": "Component 3",
        "value4": "Component 4"
    }
}