{
    "tf_component_number": 2,
    "tf_component_colors": {
        "value0": {
            "r": 0.8603036403656006,
            "g": 0.20138856768608094,
            "b": 0.143205925822258,
            "a": 1.0
        },
        "value1": {
            "r": 0.4967727065086365,
            "g": 0.6991073489189148,
            "b": 0.4875410199165344,
            "a": 1.0
        },
        "value2": {
            "r": 0.2702067494392395,
            "g": 0.4325932562351227,
            "b": 0.7760586142539978,
            "a": 1.0
        },
        "value3": {
            "r": 0.2664377689361572,
            "g": 0.42473486065864565,
            "b": 0.7818722724914551,
            "a": 1.0
        },
        "value4": {
            "r": 0.9411764740943909,
            "g": 0.9411764740943909,
            "b": 0.9411764740943909,
            "a": 1.0
        }
    },
    "tf_component_weights": {
        "value0": 1.0,
        "value1": 1.0,
        "value2": 1.0,
        "value3": 1.0,
        "value4": 1.0
    },
    "tf_component_titles": {
        "value0": "red feature",
        "value1": "green feature",
        "value2": "Component 2",
        "value3": "Component 3",
        "value4": "Component 4"
    }
}